City_ID,City,Lat,Lng,Max Temp,Humidity,Cloudiness,Wind Speed,Country,Date
0,puerto cabezas,14.0351,-83.3888,29.98,79,40,6.17,NI,1706559396
1,singaraja,-8.112,115.0882,26.24,83,100,0.43,ID,1706559375
2,ilulissat,69.2167,-51.1,-22.99,64,75,4.12,GL,1706559397
3,aasiaat,68.7098,-52.8699,-27.37,97,100,1.17,GL,1706559267
4,anadyr,64.75,177.4833,-33.72,75,100,2.0,RU,1706559274
5,kavaratti,10.5669,72.642,27.74,64,52,2.72,IN,1706559399
6,kuqa,41.7278,82.9364,-2.58,56,100,1.36,CN,1706559400
7,port alfred,-33.5906,26.891,26.01,78,57,0.73,ZA,1706559400
8,invercargill,-46.4,168.35,15.57,84,61,1.79,NZ,1706559260
9,jamestown,42.097,-79.2353,0.86,98,100,4.12,US,1706559307
10,kirakira,-10.4544,161.9205,26.6,88,93,4.49,SB,1706559402
11,grytviken,-54.2811,-36.5092,8.69,61,89,4.12,GS,1706559402
12,longyearbyen,78.2186,15.6401,-3.09,86,75,6.17,SJ,1706559403
13,margaret river,-33.95,115.0667,11.59,89,4,4.49,AU,1706559404
14,luau,-10.7073,22.2247,18.85,96,100,1.44,AO,1706559404
15,bure,10.7,37.0667,16.2,53,100,2.05,ET,1706559405
16,port-aux-francais,-49.35,70.2167,3.89,71,99,16.63,TF,1706559345
17,gorontalo,0.5412,123.0595,23.7,95,48,1.68,ID,1706559406
18,puerto natales,-51.7236,-72.4875,17.25,51,40,10.8,CL,1706559407
19,waitangi,-43.9535,-176.5597,17.68,98,49,1.34,NZ,1706559407
20,myszkow,50.5752,19.3246,3.02,92,72,3.39,PL,1706559408
21,taroa,8.7058,171.2275,26.48,85,97,8.28,MH,1706559408
22,lesnoy,57.6198,63.0784,-19.03,100,80,1.73,RU,1706559409
23,west island,-12.1568,96.8225,23.99,83,28,2.06,CC,1706559409
24,adamstown,-25.066,-130.1015,24.58,77,100,5.07,PN,1706559410
25,carnarvon,-24.8667,113.6333,23.13,77,0,9.47,AU,1706559410
26,bilibino,68.0546,166.4372,-32.51,99,100,1.05,RU,1706559411
27,burang,30.25,81.1667,-9.17,80,44,1.57,CN,1706559411
28,cam ranh,11.9214,109.1591,23.98,78,40,3.09,VN,1706559412
29,sawakin,19.1059,37.3321,22.43,63,66,3.41,SD,1706559412
30,sibi,29.5448,67.8764,17.45,26,100,1.42,PK,1706559413
31,luninyets,52.2472,26.8047,-2.73,94,100,3.18,BY,1706559414
32,hawaiian paradise park,19.5933,-154.9731,28.83,69,0,1.54,US,1706559414
33,egilsstadir,65.2653,-14.3948,4.95,70,75,8.23,IS,1706559414
34,thompson,55.7435,-97.8558,-4.91,93,100,4.12,CA,1706559266
35,ribeira grande,38.5167,-28.7,17.22,88,40,9.26,PT,1706559415
36,santa vitoria do palmar,-33.5189,-53.3681,24.51,56,21,4.63,BR,1706559416
37,atmakur,15.8833,78.5833,19.56,77,95,2.34,IN,1706559416
38,utrik,11.2278,169.8474,26.03,69,100,5.36,MH,1706559276
39,karakulino,56.012,53.7067,-8.77,97,100,2.53,RU,1706559417
40,blackmans bay,-43.0167,147.3167,10.07,83,1,0.45,AU,1706559417
41,carmaux,44.051,2.158,11.15,73,100,4.24,FR,1706559418
42,bredasdorp,-34.5322,20.0403,24.04,51,65,7.04,ZA,1706559258
43,kaseda-shirakame,31.4167,130.3167,8.01,77,64,3.5,JP,1706559419
44,katabu,-4.9333,122.5167,24.38,93,99,0.85,ID,1706559419
45,vernon,50.2581,-119.2691,8.12,89,100,0.51,CA,1706559420
46,cambria,35.5641,-121.0808,22.32,69,17,1.34,US,1706559420
47,freetown,8.484,-13.2299,27.84,78,20,4.12,SL,1706559420
48,edinburgh of the seven seas,-37.0676,-12.3116,16.59,71,41,9.34,SH,1706559421
49,yellowknife,62.456,-114.3525,-1.44,100,100,6.17,CA,1706559421
50,sheridan,44.8333,-106.9173,16.21,41,0,4.63,US,1706559246
51,college,64.8569,-147.8028,-24.33,65,100,0.0,US,1706559266
52,skeldon,5.8833,-57.1333,28.79,66,46,3.9,GY,1706559423
53,howrah,22.5892,88.3103,16.0,88,0,0.0,IN,1706559424
54,bergkamen,51.6333,7.6333,10.24,77,0,4.63,DE,1706559424
55,aflou,34.1128,2.1023,10.0,41,100,1.96,DZ,1706559425
56,kodiak,57.79,-152.4072,-12.27,61,0,4.63,US,1706559426
57,giresun,40.5,38.5,-15.13,98,99,1.54,TR,1706559426
58,papatowai,-46.5619,169.4708,16.18,69,100,2.05,NZ,1706559427
59,kaeng khoi,14.5862,100.9976,27.28,58,84,1.35,TH,1706559428
60,dalandzadgad,43.5708,104.425,-17.36,85,3,1.62,MN,1706559428
61,prince rupert,54.3161,-130.3201,10.05,81,100,14.4,CA,1706559312
62,antonio enes,-16.2325,39.9086,25.33,76,0,2.46,MZ,1706559429
63,shimoda,34.6667,138.95,7.84,69,3,4.32,JP,1706559430
64,tolanaro,-25.0319,46.9987,23.44,80,100,5.09,MG,1706559431
65,birjand,32.8663,59.2211,1.26,40,0,3.09,IR,1706559431
66,karaton,-6.3424,106.1045,23.85,92,100,0.35,ID,1706559432
67,trujillo,-8.116,-79.03,24.98,83,75,2.57,PE,1706558855
68,aykhal,66.0,111.5,-21.47,100,100,1.2,RU,1706559433
69,lodwar,3.1191,35.5973,33.49,26,32,3.17,KE,1706559433
70,sao jose da coroa grande,-8.8978,-35.1478,28.17,70,17,4.49,BR,1706559434
71,bogande,12.9714,-0.1436,25.23,14,0,4.28,BF,1706559435
72,petropavlovsk-kamchatsky,53.0452,158.6483,-15.3,93,0,5.0,RU,1706559435
73,luderitz,-26.6481,15.1594,18.55,74,99,3.3,NA,1706559261
74,talnakh,69.4865,88.3972,-16.55,91,100,3.94,RU,1706559437
75,raduzhny,62.0961,77.475,-23.65,100,100,2.76,RU,1706559438
76,olonkinbyen,70.9221,-8.7187,-5.74,55,100,3.69,SJ,1706559438
77,tual,-5.6667,132.75,28.34,78,100,8.22,ID,1706559439
78,sinabang,2.4803,96.3801,26.36,83,38,1.39,ID,1706559439
79,black forest,39.0131,-104.7008,10.94,45,0,5.66,US,1706559440
80,linhares,-19.3911,-40.0722,28.54,81,82,2.46,BR,1706559328
81,costa rica,-23.4167,-54.65,34.44,20,36,3.71,BR,1706559275
82,nuuk,64.1835,-51.7216,-16.66,60,75,8.75,GL,1706559160
83,vorgashor,67.5833,63.95,-16.76,93,65,4.46,RU,1706559442
84,yaiza,28.9633,-13.7631,17.87,59,0,2.06,ES,1706559443
85,kone,-21.0595,164.8658,25.27,78,87,0.35,NC,1706559444
86,twin falls,42.3505,-114.6445,7.94,76,0,5.66,US,1706559384
87,port lincoln,-34.7333,135.8667,17.05,85,77,4.94,AU,1706559262
88,sur,22.5667,59.5289,23.7,73,100,1.12,OM,1706559445
89,kirensk,57.7853,108.1119,-38.91,100,68,0.45,RU,1706559446
90,yerofey pavlovich,53.9667,121.9667,-31.39,96,94,1.34,RU,1706559446
91,polyarnyy,69.1989,33.4478,0.88,66,100,15.61,RU,1706559447
92,udachny,66.4167,112.4,-21.42,76,100,0.95,RU,1706559447
93,khanty-mansiysk,61.0042,69.0019,-22.72,70,75,0.0,RU,1706559448
94,puerto ayora,-0.7393,-90.3518,31.98,75,100,5.05,EC,1706559264
95,vargem grande do sul,-21.8322,-46.8936,25.25,29,20,3.13,BR,1706559450
96,east aurora,42.7678,-78.6134,0.49,81,100,3.08,US,1706559450
97,la passe,45.5549,-0.8967,12.13,88,100,5.11,FR,1706559451
98,dhidhdhoo,6.8833,73.1,27.57,66,6,3.78,MV,1706559451
99,taulaga,-11.0553,-171.0883,29.3,69,99,1.87,AS,1706559452
100,zhoushan,30.0108,122.2047,9.48,98,100,3.41,CN,1706559453
101,mar del plata,-38.0023,-57.5575,26.4,76,0,11.18,AR,1706559211
102,avarua,-21.2078,-159.775,29.03,89,75,3.6,CK,1706559454
103,cabedelo,-6.9811,-34.8339,30.37,73,14,6.35,BR,1706559454
104,road town,18.4167,-64.6167,27.05,72,0,4.22,VG,1706559455
105,coquimbo,-29.9533,-71.3436,19.96,76,52,3.1,CL,1706559197
106,jiayuguan,39.8167,98.3,-6.03,34,4,2.19,CN,1706559456
107,gizo,-8.103,156.8419,26.86,83,100,5.76,SB,1706559267
108,punta arenas,-53.15,-70.9167,17.01,41,0,8.75,CL,1706559267
109,kabansk,52.0486,106.6528,-26.22,96,59,1.69,RU,1706559457
110,atafu village,-8.5421,-172.5159,29.2,71,88,3.18,TK,1706559458
111,xixiang,35.1628,112.865,2.55,63,11,3.06,CN,1706559458
112,khorixas,-20.3667,14.9667,24.7,59,100,7.86,NA,1706559459
113,saldanha,-33.0117,17.9442,21.03,89,92,5.93,ZA,1706559449
114,bethel,41.3712,-73.414,2.74,73,100,6.69,US,1706559249
115,crane,31.3974,-102.3501,17.75,30,97,3.93,US,1706559461
116,koani,-6.1333,39.2833,25.77,87,57,2.78,TZ,1706559461
117,ushuaia,-54.8,-68.3,14.79,47,0,11.83,AR,1706559462
118,kita,13.0349,-9.4895,26.38,11,60,1.9,ML,1706559462
119,nyurba,63.2842,118.3319,-37.28,99,52,2.17,RU,1706559463
120,opuwo,-18.0607,13.84,27.36,38,68,2.55,NA,1706559463
121,stanley,54.868,-1.6985,5.77,93,100,5.4,GB,1706559215
122,alta,69.9689,23.2717,2.59,75,75,12.35,NO,1706559464
123,severo-yeniseyskiy,60.3725,93.0408,-29.68,98,24,1.79,RU,1706559465
124,benguela,-12.5763,13.4055,26.4,83,35,3.33,AO,1706559465
125,juan griego,11.0817,-63.9655,28.57,64,0,3.66,VE,1706559466
126,cuamba,-14.8031,36.5372,21.18,81,23,1.97,MZ,1706559466
127,akureyri,65.6835,-18.0878,1.96,69,75,4.12,IS,1706559467
128,st. john's,47.5649,-52.7093,-1.79,95,100,6.69,CA,1706559467
129,khandyga,62.6667,135.6,-47.9,100,85,0.93,RU,1706559468
130,san patricio,28.017,-97.5169,21.97,39,27,1.76,US,1706559468
131,qaqortoq,60.7167,-46.0333,-23.82,77,11,2.75,GL,1706559469
132,calama,-22.4667,-68.9333,25.66,25,0,8.08,CL,1706559248
133,rongelap,11.1635,166.8941,26.35,76,94,5.91,MH,1706559283
134,sabang,5.8933,95.3214,27.17,80,16,5.82,ID,1706559470
135,cine,37.6117,28.0614,7.67,78,0,2.9,TR,1706559471
136,lospalos,-8.5186,127.0025,22.49,94,74,1.32,TL,1706559471
137,melfi,40.9965,15.6514,4.72,91,35,1.31,IT,1706559471
138,ulladulla,-35.35,150.4667,19.87,86,55,3.85,AU,1706559472
139,new norfolk,-42.7826,147.0587,10.72,92,7,1.38,AU,1706559472
140,tiquipaya,-17.3382,-66.2189,23.4,43,75,3.6,BO,1706559473
141,usogorsk,63.4106,48.6872,-4.63,94,100,4.87,RU,1706559473
142,east london,-33.0153,27.9116,26.14,81,100,8.22,ZA,1706559474
143,tuy hoa,13.0833,109.3,20.14,92,60,1.39,VN,1706559474
144,fale old settlement,-9.3852,-171.2468,29.17,72,93,2.27,TK,1706559474
145,poco verde,-10.7083,-38.1833,31.88,41,58,6.27,BR,1706559289
146,albany,42.6001,-73.9662,1.56,80,100,2.52,US,1706559476
147,tiksi,71.6872,128.8694,-26.58,98,88,3.33,RU,1706559261
148,senanga,-16.1167,23.2667,25.09,55,93,2.81,ZM,1706559477
149,darnah,32.767,22.6367,12.56,54,100,9.72,LY,1706559477
150,lihue,21.9789,-159.3672,25.97,79,20,6.17,US,1706559478
151,nar'yan-mar,67.6713,53.087,-4.94,91,100,11.62,RU,1706559478
152,porto novo,6.4965,2.6036,28.9,72,1,2.76,BJ,1706559417
153,port augusta,-32.5,137.7667,20.06,71,0,4.99,AU,1706559479
154,dzilam gonzalez,21.2833,-88.9333,22.69,53,100,3.81,MX,1706559479
155,segorbe,39.8138,-0.4521,12.83,81,100,0.21,ES,1706559480
156,villa gesell,-37.2639,-56.973,26.14,61,14,9.97,AR,1706559405
157,iqaluit,63.7506,-68.5145,-30.73,67,100,0.0,CA,1706559481
158,kununurra,-15.7667,128.7333,26.99,94,78,0.0,AU,1706559481
159,hell-ville,-13.4,48.2667,27.27,81,61,7.13,MG,1706559482
160,farrokh shahr,32.2717,50.9801,-2.41,54,0,1.03,IR,1706559483
161,arraial do cabo,-22.9661,-42.0278,27.98,74,40,3.6,BR,1706559484
162,ta`u,-14.2336,-169.5144,28.55,76,100,3.99,AS,1706559484
163,kruisfontein,-34.0033,24.7314,21.05,86,99,5.12,ZA,1706559485
164,minas de marcona,-15.2119,-75.1103,24.26,59,55,7.51,PE,1706559485
165,ryotsu-minato,38.0833,138.4333,4.58,70,92,1.75,JP,1706559486
166,palikir - national government center,6.9248,158.1611,25.41,89,100,2.06,FM,1706559409
167,hamilton,39.1834,-84.5333,2.97,80,100,4.12,US,1706559264
168,port mathurin,-19.6833,63.4167,27.6,82,99,9.81,MU,1706559267
169,arar,30.9753,41.0381,11.01,43,40,5.66,SA,1706559488
170,zhangjiakou,40.81,114.8794,-11.21,87,59,0.23,CN,1706559489
171,ngong,-1.3618,36.6566,17.85,70,97,4.08,KE,1706559489
172,vila velha,-20.3297,-40.2925,29.97,80,40,7.2,BR,1706559235
173,brady,31.1352,-99.3351,21.31,27,0,3.6,US,1706559490
174,jaisalmer,26.9147,70.9181,18.82,25,100,3.64,IN,1706559491
175,alesund,62.4723,6.1549,6.29,69,0,6.69,NO,1706559492
176,hasaki,35.7333,140.8333,2.94,51,51,2.02,JP,1706559492
177,la'ie,21.6477,-157.9253,26.98,86,19,0.45,US,1706559479
178,alaghsas,17.0187,8.0168,19.98,17,39,8.19,NE,1706559493
179,pitimbu,-7.4706,-34.8086,30.33,74,11,5.64,BR,1706559494
180,chongoyape,-6.6406,-79.3892,30.39,61,100,4.1,PE,1706559495
181,neka,36.6508,53.299,6.73,87,40,6.17,IR,1706559495
182,awjilah,29.1081,21.2869,12.4,45,6,3.61,LY,1706559496
183,necochea,-38.5473,-58.7368,28.35,45,59,9.24,AR,1706559497
184,vila franca do campo,37.7167,-25.4333,18.27,99,78,8.12,PT,1706559497
185,carbonear,47.7332,-53.2148,-0.88,96,100,10.89,CA,1706559498
186,ancud,-41.8697,-73.8203,17.06,58,98,2.7,CL,1706559345
187,kapa'a,22.0752,-159.319,26.38,79,20,6.17,US,1706559499
188,lompoc,34.6391,-120.4579,24.88,42,20,3.09,US,1706559328
189,kangding,30.0513,101.9603,-0.23,56,34,3.37,CN,1706559501
190,uturoa,-16.7333,-151.4333,28.4,77,100,2.49,PF,1706559502
191,hilo,19.7297,-155.09,29.04,61,0,1.54,US,1706559439
192,kodinsk,58.6881,99.1844,-28.64,100,22,0.59,RU,1706559503
193,whitehorse,60.7161,-135.0538,4.43,87,75,10.29,CA,1706559265
194,el granada,37.5027,-122.4694,23.84,68,0,2.06,US,1706559504
195,ola,59.5833,151.2833,-20.77,81,89,3.87,RU,1706559504
196,puerto baquerizo moreno,-0.9,-89.6,29.55,74,20,6.69,EC,1706559505
197,isafjordur,66.0755,-23.124,-0.53,58,63,12.85,IS,1706559506
198,vadso,70.0744,29.7487,2.49,69,75,18.01,NO,1706559506
199,borgarnes,64.5383,-21.9206,1.03,77,100,11.23,IS,1706559507
200,nadym,65.5333,72.5167,-20.85,95,25,4.79,RU,1706559507
201,katsuura,35.1333,140.3,9.54,57,100,1.14,JP,1706559508
202,sabha,27.0377,14.4283,11.18,55,1,3.82,LY,1706559508
203,northam,51.0333,-4.2167,12.44,93,100,6.81,GB,1706559509
204,korla,41.7597,86.1469,-6.1,82,100,0.48,CN,1706559510
205,lemvig,56.5486,8.3102,6.22,95,100,1.59,DK,1706559510
206,giado,31.9582,12.0203,10.05,57,1,2.89,LY,1706559511
207,port elizabeth,-33.918,25.5701,22.28,91,45,5.81,ZA,1706559511
208,geraldton,-28.7667,114.6,17.23,77,0,3.6,AU,1706559512
209,wailua homesteads,22.0669,-159.378,25.07,80,20,6.17,US,1706559258
210,lazaro cardenas,17.9583,-102.2,28.62,59,100,2.84,MX,1706559291
211,hadibu,12.65,54.0333,23.71,72,64,3.29,YE,1706559513
212,sergeyevka,53.88,67.4158,-18.44,99,90,2.95,KZ,1706559514
213,lebu,-37.6167,-73.65,17.91,61,55,5.38,CL,1706559514
214,flin flon,54.7682,-101.865,2.91,81,75,2.06,CA,1706559515
215,isangel,-19.55,169.2667,25.06,83,75,0.0,VU,1706559516
216,klyuchi,52.2667,79.1667,-18.44,97,73,2.81,RU,1706559313
217,la ronge,55.1001,-105.2842,6.14,52,20,1.54,CA,1706559517
218,iskateley,67.6803,53.1512,-4.99,91,100,11.62,RU,1706559517
219,westport,41.1415,-73.3579,3.9,66,100,7.2,US,1706559518
220,lerwick,60.1545,-1.1494,6.0,80,13,6.17,GB,1706559519
221,hammerfest,70.6634,23.6821,2.25,64,40,23.15,NO,1706559519
222,horta,38.5333,-28.6333,16.8,92,40,9.26,PT,1706559520
223,bekalta,35.6174,10.9947,13.01,69,0,2.57,TN,1706559520
224,sirte,31.2089,16.5887,14.58,57,100,7.5,LY,1706559521
225,bamboo flat,11.7,92.7167,24.05,94,40,0.51,IN,1706559521
226,castillos,-34.1667,-53.8333,24.59,53,39,4.46,UY,1706559522
227,rengo,-34.4167,-70.8667,34.18,18,0,4.54,CL,1706559522
228,saipan,15.1355,145.701,24.39,69,75,6.69,MP,1706559523
229,kismayo,-0.3582,42.5454,26.76,85,100,6.83,SO,1706559523
230,mawlaik,23.6333,94.4167,12.9,70,0,0.78,MM,1706559437
231,kidal,18.4411,1.4078,21.15,14,15,5.03,ML,1706559525
232,fayzabad,37.1166,70.58,3.53,78,100,1.69,AF,1706559526
233,galich,58.3797,42.3475,-1.71,92,100,5.4,RU,1706559526
234,sakchu-up,40.3894,125.0467,-11.57,96,11,1.32,KP,1706559527
235,chernomorskoye,45.5039,32.6997,2.29,69,52,7.8,UA,1706559527
236,ust-nera,64.5667,143.2,-36.76,97,99,1.95,RU,1706559527
237,trikala,39.5553,21.7675,4.63,66,90,0.89,GR,1706559528
238,port-vila,-17.7338,168.3219,24.78,88,20,1.03,VU,1706559528
239,vychegodskiy,61.247,46.8984,-0.38,95,100,4.18,RU,1706559529
240,at-bashi,41.1702,75.8106,-7.9,87,100,0.62,KG,1706559529
241,motueka,-41.1333,173.0167,17.28,46,0,1.14,NZ,1706559530
242,bundu,23.1833,85.5833,15.12,39,2,1.12,IN,1706559530
243,nelson bay,-32.7167,152.15,24.5,93,51,5.81,AU,1706559531
244,laojunmiao,39.8333,97.7333,-5.54,34,4,2.85,CN,1706559531
245,yaren,-0.5472,166.916,29.16,67,98,8.03,NR,1706559531
246,vilyuchinsk,52.9306,158.4028,-14.48,88,89,3.65,RU,1706559532
247,dudinka,69.4058,86.1778,-15.18,83,100,8.05,RU,1706559532
248,atherton,53.5237,-2.4935,11.83,97,100,1.79,GB,1706559533
249,namibe,-15.1961,12.1522,23.48,73,9,5.95,AO,1706559533
250,xilin hot,43.9667,116.0333,-21.14,99,100,0.52,CN,1706559534
251,badger,64.8,-147.5333,-24.37,71,100,0.0,US,1706559268
252,chincha alta,-13.4099,-76.1323,29.33,66,65,3.67,PE,1706559534
253,changyon,38.2508,125.0961,-2.01,83,5,1.0,KP,1706559535
254,saint-denis,48.9167,2.3333,11.88,84,0,3.09,FR,1706559535
255,trapani,37.8333,12.6667,9.04,87,0,1.03,IT,1706559432
256,ghat,24.9647,10.1728,14.28,44,3,3.16,LY,1706559315
257,rizhao,35.4275,119.4553,2.26,85,100,1.61,CN,1706559536
258,dunedin,-45.8742,170.5036,17.67,68,49,0.45,NZ,1706559537
259,as sulayyil,20.4607,45.5779,21.14,51,100,3.84,SA,1706559537
260,selfoss,63.9331,-20.9971,0.58,85,100,13.03,IS,1706559538
261,serdar,38.9764,56.2757,3.23,71,26,2.11,TM,1706559538
262,chonchi,-42.6128,-73.8092,21.18,43,98,0.98,CL,1706559538
263,orchard homes,46.8633,-114.0484,9.22,93,100,1.54,US,1706559505
264,cidreira,-30.1811,-50.2056,24.65,75,73,3.38,BR,1706559266
265,ginir,7.1333,40.7,17.41,60,92,0.54,ET,1706559540
266,plastun,44.7561,136.2939,-14.84,84,4,3.38,RU,1706559540
267,kerikeri,-35.2268,173.9474,21.06,84,3,2.24,NZ,1706559541
268,cabo san lucas,22.8909,-109.9124,31.45,61,100,6.17,MX,1706559425
269,kalmunai,7.4167,81.8167,25.2,87,85,3.19,LK,1706559542
270,adilcevaz,38.8039,42.7342,-4.72,77,95,1.63,TR,1706559543
271,cooma,-36.2333,149.1333,16.57,89,0,0.53,AU,1706559543
272,holualoa,19.6228,-155.9522,24.91,82,40,7.2,US,1706559544
273,brisas de zicatela,15.8369,-97.0419,29.29,61,20,2.57,MX,1706559544
274,taoudenni,22.6783,-3.9836,22.4,11,0,4.74,ML,1706559545
275,pimentel,-6.8367,-79.9342,29.16,61,75,7.2,PE,1706559546
276,port blair,11.6667,92.75,24.02,94,40,0.51,IN,1706559490
277,anaco,9.4389,-64.4728,35.53,25,5,3.03,VE,1706559547
278,mvurwi,-17.0333,30.85,17.11,88,4,0.88,ZW,1706559547
279,kapuskasing,49.4169,-82.4331,0.05,80,100,3.09,CA,1706559548
280,berezovyy,51.6667,135.7,-20.41,98,87,1.48,RU,1706559548
281,tsiombe,-25.3,45.4833,22.73,81,15,7.01,MG,1706559549
282,shkurinskaya,46.5858,39.3599,-1.94,78,64,4.21,RU,1706559550
283,meadow lake,34.8014,-106.5436,15.12,39,91,1.6,US,1706559292
284,hithadhoo,-0.6,73.0833,27.86,75,17,3.08,MV,1706559551
285,homer,59.6425,-151.5483,-11.22,81,100,10.28,US,1706559283
286,tweed heads,-28.1817,153.547,26.09,99,75,3.6,AU,1706559505
287,mount gambier,-37.8333,140.7667,11.25,93,8,2.35,AU,1706559553
288,eforie sud,44.0229,28.6494,2.67,83,100,9.78,RO,1706559553
289,peronne,49.9333,2.9333,9.32,87,0,4.63,FR,1706559554
290,palmer,42.1584,-72.3287,1.65,78,100,4.12,US,1706559391
291,suva,-18.1416,178.4415,25.71,89,75,1.54,FJ,1706559555
292,georgetown,5.4112,100.3354,27.75,88,40,4.12,MY,1706559268
293,houma,29.5958,-90.7195,17.78,41,0,4.12,US,1706559556
294,weno,7.4515,151.8468,26.97,78,100,3.09,FM,1706559556
295,sao vicente,-23.9631,-46.3919,33.1,57,40,4.02,BR,1706559525
296,ust'-ilimsk,58.0006,102.6619,-31.54,100,11,0.89,RU,1706559271
297,sao felix do xingu,-6.6447,-51.995,26.91,91,100,1.75,BR,1706559558
298,revda,56.801,59.9303,-12.58,95,92,2.36,RU,1706559457
299,cidade velha,14.9167,-23.6167,24.26,60,43,7.72,CV,1706559559
300,kristinestad,62.2743,21.376,1.72,86,70,3.59,FI,1706559560
301,enewetak,11.3474,162.3373,25.68,61,71,3.41,MH,1706559560
302,tura,25.5198,90.2201,12.47,61,0,1.35,IN,1706559302
303,kyelang,32.5833,77.0333,-15.15,94,36,2.66,IN,1706559562
304,salekhard,66.53,66.6019,-26.94,100,100,1.45,RU,1706559562
305,pokachi,61.7198,75.3683,-25.28,100,98,2.54,RU,1706559563
306,claveria,18.6074,121.0832,20.79,84,29,6.05,PH,1706559564
307,labytnangi,66.6572,66.4183,-25.93,100,99,1.29,RU,1706559565
308,smithers,54.7804,-127.1743,9.18,66,40,3.6,CA,1706559566
309,cromer,52.9312,1.2989,10.93,93,100,4.47,GB,1706559345
310,cajati,-24.7361,-48.1228,30.02,50,41,1.53,BR,1706559567
311,scottburgh,-30.2867,30.7532,24.2,87,2,7.81,ZA,1706559567
312,luanda,-8.8368,13.2343,26.78,83,99,3.97,AO,1706559330
313,benjamin constant,-4.3831,-70.0311,30.03,74,40,2.06,BR,1706559568
314,nemuro,43.3236,145.575,-0.93,85,12,2.68,JP,1706559476
315,santana,-0.0583,-51.1817,30.1,70,75,2.57,BR,1706559570
316,talovskiy,51.1144,40.73,-6.49,96,100,3.18,RU,1706559570
317,puerto lempira,15.2667,-83.7667,31.08,70,40,4.12,HN,1706559571
318,laguna,38.421,-121.4238,22.83,66,0,2.06,US,1706559280
319,kanker,20.2719,81.4931,17.06,35,18,2.01,IN,1706559572
320,keflavik,64.0049,-22.5624,0.95,80,75,7.2,IS,1706559573
321,timbuktu,16.7735,-3.0074,23.35,12,0,4.67,ML,1706559573
322,valparaiso,-33.0393,-71.6273,21.11,76,100,4.63,CL,1706559518
323,pokhara,28.2333,83.9833,9.67,41,12,2.46,NP,1706559574
324,kutum,14.2,24.6667,16.29,22,100,3.65,SD,1706559575
325,zakamensk,50.3741,103.2863,-25.89,100,99,0.3,RU,1706559575
326,borogontsy,62.6683,131.1683,-45.93,100,83,0.58,RU,1706559576
327,joliette,46.0168,-73.4492,-1.94,79,100,3.14,CA,1706559409
328,strezhevoy,60.7333,77.5889,-21.13,100,98,2.24,RU,1706559577
329,chatra,24.2167,84.8667,11.42,47,1,1.1,IN,1706559578
330,kholmsk,47.0511,142.0569,-4.31,90,100,4.46,RU,1706559579
331,balatonfured,46.9619,17.8719,1.97,79,0,2.27,HU,1706559579
332,xam nua,20.4197,104.0439,11.79,99,14,0.87,LA,1706559580
333,ewo,-0.8725,14.8206,29.69,37,62,0.39,CG,1706559580
334,piacabucu,-10.4056,-36.4344,28.25,69,1,5.03,BR,1706559581
335,coruripe,-10.1256,-36.1756,28.06,70,1,5.46,BR,1706559581
336,ashland,40.8167,-82.2665,1.17,99,80,3.58,US,1706559582
337,bennington,42.8781,-73.1968,-0.1,84,100,3.6,US,1706559582
338,ust-tsilma,65.441,52.1498,-6.88,90,100,4.47,RU,1706559583
339,livingston,55.9029,-3.5226,5.27,90,75,4.12,GB,1706559584
340,camiri,-20.05,-63.5167,23.88,83,75,0.0,BO,1706559584
341,antofagasta,-23.65,-70.4,23.6,72,24,3.99,CL,1706559584
342,paita,-5.0892,-81.1144,27.03,71,93,7.16,PE,1706559487
343,limon,10.0,-83.0333,27.25,83,40,7.72,CR,1706559586
344,khenifra,32.9333,-5.6667,15.55,41,100,1.7,MA,1706559586
345,wenchang,30.904,118.4887,6.94,81,97,0.77,CN,1706559587
346,hami,42.8,93.45,-7.38,60,57,1.63,CN,1706559587
347,port macquarie,-31.4333,152.9167,24.38,91,100,3.14,AU,1706559588
348,guilin,25.2819,110.2864,7.06,96,98,0.34,CN,1706559588
349,yangirabot,40.0254,65.961,2.88,76,100,2.58,UZ,1706559589
350,peterhead,57.5058,-1.7981,0.22,68,100,1.62,GB,1706559589
351,metlili chaamba,32.2667,3.6333,12.52,67,0,2.57,DZ,1706559590
352,richards bay,-28.783,32.0377,24.23,80,19,4.34,ZA,1706559294
353,gbarnga,6.9956,-9.4722,26.84,34,68,1.14,LR,1706559591
354,rundu,-17.9333,19.7667,24.29,56,73,3.14,NA,1706559591
355,hadyach,50.3711,33.991,-3.93,86,98,2.04,UA,1706559592
356,tambura,5.6,27.4667,26.95,23,100,3.2,SS,1706559592
357,saint-pierre,-21.3393,55.4781,24.82,100,100,2.57,RE,1706559592
358,ribas do rio pardo,-20.4431,-53.7592,36.53,18,66,3.93,BR,1706559593
359,kondovo,42.0117,21.3136,3.57,75,16,1.48,MK,1706559593
360,general pinedo,-27.3167,-61.2833,36.66,36,97,0.89,AR,1706559594
361,susuman,62.7833,148.1667,-33.9,94,100,0.45,RU,1706559315
362,hailar,49.2,119.7,-34.55,98,100,1.95,CN,1706559595
363,fortuna,40.5982,-124.1573,20.52,68,20,5.14,US,1706559595
364,laascaanood,8.4774,47.3597,24.97,50,13,4.31,SO,1706559595
365,hobyo,5.3505,48.5268,26.11,83,7,7.35,SO,1706559596
366,kargopol',61.5071,38.9456,0.74,87,100,5.63,RU,1706559597
367,kuldiga,56.974,21.9572,2.83,79,100,3.49,LV,1706559597
368,carsamba,41.1989,36.7219,4.86,81,75,3.6,TR,1706559597
369,happy valley-goose bay,53.3168,-60.3315,-18.83,38,0,2.57,CA,1706559598
370,luena,-11.7833,19.9167,18.46,95,90,1.59,AO,1706559598
371,taro,-8.3862,115.28,23.0,93,95,0.47,ID,1706559599
372,poronaysk,49.2167,143.1167,-7.48,96,100,2.22,RU,1706559599
373,liaocheng,36.4439,115.9647,1.98,61,100,1.93,CN,1706559600
374,nizhneangarsk,55.7833,109.55,-26.67,89,18,2.24,RU,1706559601
375,mankono,8.0586,-6.1897,28.51,15,76,1.37,CI,1706559602
376,yarmouth,41.7057,-70.2286,2.26,92,100,10.73,US,1706559555
377,wewak,-3.5534,143.6268,24.6,90,100,1.7,PG,1706559603
378,san pedro pochutla,15.7333,-96.4667,31.84,38,0,4.07,MX,1706559354
379,mirnyy,62.5353,113.9611,-36.54,66,52,1.79,RU,1706559605
380,afaahiti,-17.75,-149.2833,28.93,78,99,1.45,PF,1706559605
381,la sarre,48.8002,-79.1996,-2.91,89,99,3.29,CA,1706559606
382,bandon,51.7469,-8.7425,3.77,87,21,4.16,IE,1706559607
383,gereshk,31.8209,64.5701,15.63,44,95,0.37,AF,1706559607
384,turan,16.0678,108.2208,18.99,94,20,0.0,VN,1706559498
385,nizhniy odes,63.6445,54.856,-12.03,96,100,4.71,RU,1706559609
386,makoua,0.0069,15.6333,29.32,36,93,0.71,CG,1706559609
387,fort st. john,56.2499,-120.8529,12.94,44,75,12.35,CA,1706559610
388,arawa,-6.2132,155.5367,25.47,89,100,1.89,PG,1706559610
389,thinadhoo,0.5333,72.9333,28.02,76,17,5.38,MV,1706559611
390,norton,-17.8833,30.7,20.71,72,29,2.37,ZW,1706559370
391,labuan,5.2767,115.2417,27.2,83,20,4.12,MY,1706559612
392,fortaleza,-3.7227,-38.5247,30.07,70,0,6.17,BR,1706559422
393,sayat,38.7839,63.8803,2.93,57,91,2.47,TM,1706559613
394,chernigovka,44.3389,132.5728,-19.56,95,17,1.4,RU,1706559614
395,severnoye,56.3491,78.3619,-15.01,98,99,1.79,RU,1706559615
396,guerrero negro,27.9769,-114.0611,23.69,29,56,3.26,MX,1706559615
397,mikhaylovka,50.06,43.2379,-4.05,99,79,1.9,RU,1706559616
398,kolar,13.1333,78.1333,17.42,93,95,2.4,IN,1706559617
399,saint-philippe,-21.3585,55.7679,24.77,86,49,3.28,RE,1706559618
400,thunder bay,48.4001,-89.3168,-0.01,86,100,1.54,CA,1706559350
401,maragogi,-9.0122,-35.2225,28.17,69,14,4.48,BR,1706559619
402,tabas,33.5959,56.9244,9.88,39,0,3.06,IR,1706559620
403,haapajarvi,63.75,25.3333,2.47,78,9,6.02,FI,1706559620
404,staritsa,56.5075,34.9354,-0.79,87,100,5.96,RU,1706559568
405,keetmanshoop,-26.5833,18.1333,26.15,31,99,5.7,NA,1706559334
406,kingston,17.997,-76.7936,31.25,62,20,5.14,JM,1706559476
407,matadi,-5.8167,13.45,26.56,92,100,1.85,CD,1706559623
408,sovetskaya gavan',48.9723,140.2878,-9.94,97,100,4.41,RU,1706559623
409,dubbo,-32.25,148.6167,23.07,88,0,2.57,AU,1706559624
410,mili,6.0815,171.735,28.02,81,100,7.44,MH,1706559625
411,tromso,69.6496,18.957,3.01,56,75,20.06,NO,1706559480
412,argo,37.6333,22.7333,5.33,82,85,3.1,GR,1706559626
413,belyy yar,53.6039,91.3903,-22.06,84,100,0.0,RU,1706559627
414,tomatlan,19.9333,-105.25,30.56,33,100,2.29,MX,1706559627
415,smolensk,55.0,33.0,-0.75,93,100,4.97,RU,1706559628
416,constitucion,-35.3333,-72.4167,20.79,57,13,5.37,CL,1706559347
417,faya-largeau,17.9257,19.1043,19.02,26,0,9.26,TD,1706559629
418,yorkton,51.2167,-102.4677,2.91,75,0,6.17,CA,1706559630
419,mossel bay,-34.1831,22.146,20.01,83,4,3.58,ZA,1706559631
420,hindoria,23.9,79.5667,16.0,37,100,1.66,IN,1706559631
421,constantia,44.1833,28.65,2.61,78,100,9.27,RO,1706559633
422,osceola,28.042,-81.1242,17.81,44,0,5.02,US,1706559634
423,asau,46.4333,26.4,-4.29,96,84,1.27,RO,1706559634
424,oranjemund,-28.55,16.4333,18.87,79,100,1.42,NA,1706559635
425,mouila,-1.8685,11.0559,24.97,95,100,0.97,GA,1706559636
426,phulbani,20.4667,84.2333,15.78,56,53,2.09,IN,1706559637
427,calatayud,41.3535,-1.6432,9.82,83,100,1.15,ES,1706559637
428,mount pearl,47.5166,-52.7813,-2.25,95,100,6.69,CA,1706559638
429,namie,37.4833,141.0,1.1,69,0,2.64,JP,1706559638
430,sao gabriel da cachoeira,-0.1303,-67.0892,30.35,72,82,0.23,BR,1706559639
431,savastepe,39.3832,27.6561,1.81,97,100,6.11,TR,1706559639
432,moussoro,13.6408,16.4901,21.92,17,0,5.68,TD,1706559640
433,hermanus,-34.4187,19.2345,22.67,74,97,8.73,ZA,1706559640
434,boryslav,49.2867,23.4324,-1.95,89,14,1.86,UA,1706559641
435,quellon,-43.1167,-73.6167,16.52,57,95,3.5,CL,1706559642
436,shantobe,52.4581,68.1839,-23.22,100,100,0.96,KZ,1706559642
437,masuguru,-11.3667,38.4167,23.06,98,100,2.68,TZ,1706559643
438,aarburg,47.3207,7.8999,6.67,91,100,0.83,CH,1706559644
439,pandan,14.0453,124.1694,25.12,74,100,7.22,PH,1706559644
440,leninogorsk,54.6026,52.4609,-11.43,95,100,4.18,RU,1706559645
441,eyl,7.9803,49.8164,24.96,86,94,6.78,SO,1706559645
442,liuduzhai,27.3661,110.935,6.77,95,96,0.36,CN,1706559645
443,kaa-khem,51.6833,94.7333,-29.22,97,100,0.28,RU,1706559646
444,qiqihar,47.3408,123.9672,-22.98,88,100,1.19,CN,1706559647
445,arvayheer,46.2639,102.775,-20.87,91,66,1.29,MN,1706559647
446,starominskaya,46.53,39.0497,-2.04,78,61,4.27,RU,1706559648
447,mbanza-ngungu,-5.25,14.8667,22.2,92,100,1.94,CD,1706559648
448,inhambane,-23.865,35.3833,24.25,85,0,3.67,MZ,1706559649
449,tenno,39.9,139.9667,4.33,58,60,5.65,JP,1706559649
450,krasnyy chikoy,50.3643,108.7512,-29.08,100,97,0.24,RU,1706559650
451,buala,-8.145,159.5921,26.36,86,100,3.85,SB,1706559650
452,messini,37.0511,22.0078,6.91,45,20,3.09,GR,1706559651
453,illapel,-31.6308,-71.1653,28.71,46,0,4.25,CL,1706559651
454,sandnessjoen,66.0217,12.6316,5.29,81,75,6.69,NO,1706559652
455,newman,37.3138,-121.0208,20.59,73,0,1.79,US,1706559652
456,decatur,39.8403,-88.9548,5.92,81,75,4.12,US,1706559653
457,mushie,-3.0167,16.9,27.75,62,100,0.61,CD,1706559653
458,antsiranana,-12.2787,49.2917,24.81,84,63,3.72,MG,1706559654
459,crescent city,41.756,-124.2018,20.05,67,0,6.17,US,1706559654
460,lander,42.833,-108.7307,12.33,49,0,0.0,US,1706559654
461,coahuayana de hidalgo,18.7,-103.6583,30.54,47,100,2.95,MX,1706559655
462,yangambi,0.8102,24.4336,26.92,39,100,1.12,CD,1706559655
463,pinotepa nacional,16.3167,-98.0167,32.42,25,84,4.22,MX,1706559656
464,remire-montjoly,4.9167,-52.2667,25.02,94,75,3.09,GF,1706559656
465,puerto deseado,-47.7503,-65.8938,19.22,48,9,5.92,AR,1706559657
466,voznesenskoye,54.89,42.7569,-5.43,98,100,2.24,RU,1706559657
467,tidjikja,18.5564,-11.4271,20.92,11,0,5.09,MR,1706559657
468,kailua-kona,19.6406,-155.9956,26.98,81,40,7.2,US,1706559389
469,bengkulu,-3.8004,102.2655,24.8,88,100,1.42,ID,1706559658
470,black river,18.0264,-77.8487,28.74,62,8,3.59,JM,1706559659
471,nguigmi,14.2495,13.1092,21.65,24,6,6.31,NE,1706559659
472,bakhtiyarpur,25.4667,85.5167,13.01,50,0,0.44,IN,1706559659
473,tshabong,-26.05,22.45,29.83,33,99,4.8,BW,1706559660
474,wuhai,39.6647,106.8122,-6.91,56,100,0.25,CN,1706559660
475,visakhapatnam,17.69,83.2093,21.05,71,15,0.63,IN,1706559661
476,totness,5.8833,-56.3167,28.0,72,38,5.4,SR,1706559662
477,palasa,18.7667,84.4167,19.11,78,18,1.54,IN,1706559662
478,sungai penuh,-2.0833,101.3833,17.86,97,100,1.5,ID,1706559663
479,toppenish,46.3774,-120.3087,8.53,91,99,0.91,US,1706559553
480,tralee,52.2704,-9.7026,3.86,77,7,2.66,IE,1706559664
481,codrington,-38.2667,141.9667,12.0,89,0,2.92,AU,1706559665
482,menongue,-14.6585,17.691,23.53,49,82,1.15,AO,1706559665
483,kavieng,-2.5744,150.7967,28.19,78,100,3.21,PG,1706559666
484,coronel moldes,-33.6227,-64.5971,38.66,17,0,2.69,AR,1706559666
485,soe,-9.8607,124.284,19.21,93,100,1.32,ID,1706559667
486,barabai,-2.5833,115.3833,23.45,97,100,0.66,ID,1706559668
487,antalaha,-14.9003,50.2788,23.96,92,59,2.4,MG,1706559668
488,bolgatanga,10.7856,-0.8514,28.05,14,36,2.94,GH,1706559669
489,the pas,53.8251,-101.2541,3.01,81,75,5.66,CA,1706559466
490,bocas del toro,9.3333,-82.25,24.47,74,100,3.6,PA,1706559647
491,aracati,-4.5617,-37.7697,29.81,61,35,6.59,BR,1706559670
492,lesogorsk,56.0458,99.5136,-34.48,100,23,1.34,RU,1706559671
493,tazacorte,28.629,-17.9293,20.08,38,17,4.47,ES,1706559672
494,adre,13.4667,22.2,20.56,18,92,6.13,TD,1706559672
495,lobito,-12.3481,13.5456,26.6,84,45,3.25,AO,1706559673
496,kourou,5.1552,-52.6478,25.03,89,29,4.39,GF,1706559674
497,buenaventura,3.8801,-77.0312,29.4,77,96,2.4,CO,1706559674
498,waingapu,-9.6567,120.2641,25.86,82,100,2.58,ID,1706559675
499,okhotsk,59.3833,143.3,-25.79,81,6,3.65,RU,1706559676
500,suvorovskaya,44.1942,42.6539,-8.84,93,98,1.92,RU,1706559676
501,alice springs,-23.7,133.8833,24.56,23,99,2.06,AU,1706559677
502,queenstown,-31.8976,26.8753,24.01,46,94,2.36,ZA,1706559678
503,nova vicosa,-17.8919,-39.3719,27.62,78,99,5.09,BR,1706559454
504,mersing,2.4312,103.8405,26.95,83,40,5.66,MY,1706559437
505,bokoro,12.3807,17.0568,23.79,14,0,4.66,TD,1706559679
506,bridgewater,44.3835,-64.5155,-0.21,91,100,7.2,CA,1706559680
507,slaton,33.4373,-101.6435,18.34,28,64,3.16,US,1706559681
508,flying fish cove,-10.4217,105.6791,24.82,94,98,1.54,CX,1706559681
509,sorochinsk,52.4338,53.1583,-14.84,100,99,1.26,RU,1706559683
510,ulsteinvik,62.3432,5.8487,6.28,75,12,6.26,NO,1706559684
511,dakhla,23.6848,-15.958,21.01,56,0,7.72,EH,1706559685
512,naze,28.3667,129.4833,9.51,65,46,2.53,JP,1706559685
513,sakaiminato,35.55,133.2333,4.96,87,75,0.51,JP,1706559686
514,tauranga,-37.6861,176.1667,24.73,69,98,1.34,NZ,1706559687
515,carusucan,15.9686,120.6378,18.83,76,82,1.93,PH,1706559688
516,say,13.1007,2.3689,27.31,14,34,4.36,NE,1706559689
517,broken hill,-31.95,141.4333,22.82,38,5,5.99,AU,1706559690
518,pustoshka,56.3355,29.369,0.33,87,100,4.75,RU,1706559691
519,lata,40.1629,-8.3327,12.73,77,82,2.1,PT,1706559691
520,kuraymah,18.55,31.85,17.48,23,87,5.31,SD,1706559692
521,emerald,-23.5333,148.1667,26.48,88,100,2.28,AU,1706559693
522,galliano,29.4422,-90.2992,17.78,47,19,3.48,US,1706559694
523,baotou,40.6522,109.8222,-10.61,88,100,1.38,CN,1706559694
524,rodolfo sanchez taboada,31.7167,-116.5667,20.61,48,7,2.68,MX,1706559695
525,hengchun,22.0042,120.7439,22.34,77,100,6.64,TW,1706559695
526,fort bragg,35.139,-79.006,15.75,41,0,5.14,US,1706559696
527,kota kinabalu,5.9749,116.0724,25.99,78,20,2.24,MY,1706559587
528,kiunga,-6.1219,141.2906,23.54,99,100,0.98,PG,1706559697
529,rio branco,-9.9747,-67.81,30.83,64,99,1.86,BR,1706559698
530,roosevelt,33.9668,-103.4505,17.12,26,71,3.0,US,1706559699
531,mount isa,-20.7333,139.5,23.87,94,75,1.54,AU,1706559699
532,naifaru,5.4444,73.3657,27.36,71,17,5.43,MV,1706559700
533,al jawf,29.5,38.75,10.9,48,2,1.85,SA,1706559451
534,nova sintra,14.8667,-24.7167,21.28,67,74,8.63,CV,1706559701
535,kulhudhuffushi,6.6221,73.07,27.42,68,6,4.08,MV,1706559701
536,portland,45.5234,-122.6762,17.28,71,75,1.54,US,1706559375
537,alexandria,31.2156,29.9553,11.3,53,98,9.74,EG,1706559472
538,blackwater,-23.5833,148.8833,26.13,89,97,3.09,AU,1706559703
539,nogliki,51.8333,143.1667,-14.92,95,100,2.01,RU,1706559703
540,matoury,4.8483,-52.3317,24.98,94,75,3.09,GF,1706559704
541,aioun,16.6614,-9.6149,22.67,11,9,4.91,MR,1706559705
542,madinat ash shamal,26.1293,51.2009,19.43,63,100,4.98,QA,1706559705
543,boguchany,58.3814,97.4531,-30.64,100,33,1.34,RU,1706559706
544,vorkuta,67.5,64.0,-17.01,94,65,4.16,RU,1706559706
545,murphysboro,37.7645,-89.3351,10.97,61,0,2.06,US,1706559707
546,luwuk,-0.9516,122.7875,25.52,82,67,1.64,ID,1706559707
547,niscemi,37.1486,14.3913,9.31,81,6,1.98,IT,1706559708
548,xilitla,21.3333,-98.9667,17.67,67,89,3.15,MX,1706559585
549,ayorou,14.7308,0.9174,24.12,13,1,4.5,NE,1706559709
550,dogonbadan,30.3586,50.7981,10.05,71,40,1.03,IR,1706559709
551,lycksele,64.5954,18.6735,3.02,65,0,5.66,SE,1706559710
552,masterton,-40.9597,175.6575,21.05,71,48,2.83,NZ,1706559710
553,ternitz,47.7156,16.0357,0.96,64,10,2.18,AT,1706559711
554,oriximina,-1.7656,-55.8661,33.43,46,60,2.86,BR,1706559711
555,rio grande,-32.035,-52.0986,26.06,71,51,5.16,BR,1706559712
556,tadine,-21.55,167.8833,25.62,71,99,3.09,NC,1706559712
557,rimouski,48.4488,-68.524,-9.18,82,100,7.08,CA,1706559659
558,touros,-5.1989,-35.4608,28.41,71,13,6.31,BR,1706559586
559,mazarron,37.5992,-1.3149,15.55,90,100,4.12,ES,1706559714
560,skovorodino,53.9833,123.9167,-31.71,99,85,0.96,RU,1706559714
561,barcelos,41.5388,-8.6151,14.82,77,41,1.73,PT,1706559715
562,nago,26.5881,127.9761,17.3,64,99,4.87,JP,1706559715
563,cam pha mines,21.0167,107.3,14.05,93,100,1.96,VN,1706559553
564,obigarm,38.7173,69.7088,-0.45,96,100,2.01,TJ,1706559717
565,orcopampa,-15.2661,-72.3417,14.88,61,89,3.98,PE,1706559717
566,kharp,66.8014,65.8081,-22.99,100,98,0.96,RU,1706559718
567,sidi khaled,34.387,4.9879,13.51,63,35,2.74,DZ,1706559718
568,chinde,26.8418,88.0763,7.01,63,2,2.12,NP,1706559719
569,kingaroy,-26.5333,151.8333,22.18,98,100,1.32,AU,1706559720
570,cill airne,52.05,-9.5167,2.51,87,9,1.8,IE,1706559720
571,juba,4.8517,31.5825,27.35,25,100,2.02,SS,1706559721
572,galle,6.0367,80.217,24.97,88,94,2.55,LK,1706559493
573,jacksonville,30.3322,-81.6556,18.36,48,0,5.14,US,1706558926
574,hidden valley lake,38.808,-122.5583,20.72,65,24,0.45,US,1706559723
575,derebucak,37.3918,31.5092,-2.05,76,98,3.2,TR,1706559724
576,fuding,27.3273,120.214,10.55,97,100,0.94,CN,1706559724
577,sarkand,45.41,79.9186,-7.11,82,100,1.79,KZ,1706559725
578,chibougamau,49.9168,-74.3659,-11.21,57,0,2.57,CA,1706559725
579,puntarenas,9.9763,-84.8384,32.84,50,77,1.89,CR,1706559727
580,lima duarte,-21.8425,-43.7931,26.7,75,32,0.81,BR,1706559727
581,conception bay south,47.4999,-52.9981,-1.92,95,100,5.42,CA,1706559728
582,lichinga,-13.3128,35.2406,16.96,92,20,1.77,MZ,1706559729
